index, bone, parent
0, TopN, Bones
1, ToothCloseM, TopN
2, ToothOpenM, TopN
3, TransN, TopN
4, XRotN, TransN
5, YRotN, XRotN
6, HipN, YRotN
7, HolsterN, HipN
8, LLegJ, HipN
9, LKneeJ, LLegJ
10, LFootJ, LKneeJ
11, LToeN, LFootJ
12, RLegJ, HipN
13, RKneeJ, RLegJ
14, RFootJ, RKneeJ
15, RToeN, RFootJ
16, WaistN, HipN
17, BustN, WaistN
18, CollarN, BustN
19, LShoulderN, BustN
20, LShoulderJ, LShoulderN
21, LArmJ, LShoulderJ
22, LHandN, LArmJ
23, L1stNa, LHandN
24, L1stNb, L1stNa
25, L2ndNa, LHandN
26, L2ndNb, L2ndNa
27, L3rdNa, LHandN
28, L3rdNb, L3rdNa
29, L4thNa, LHandN
30, L4thNb, L4thNa
31, LHandBN, LHandN
32, LHaveN, LHandN
33, LThumbNa, LHandN
34, LThumbNb, LThumbNa
35, LSideN, LShoulderN
36, NeckN, BustN
37, HeadN, NeckN
38, MouthBN, HeadN
39, MouthN, HeadN
40, RShoulderN, BustN
41, PadN, RShoulderN
42, PadM, PadN
43, RShoulderJ, RShoulderN
44, RArmJ, RShoulderJ
45, RHandN, RArmJ
46, R1stNa, RHandN
47, R1stNb, R1stNa
48, R2ndNa, RHandN
49, R2ndNb, R2ndNa
50, R3rdNa, RHandN
51, R3rdNb, R3rdNa
52, R4thNa, RHandN
53, R4thNb, R4thNa
54, RHandBN, RHandN
55, RHaveN, RHandN
56, RThumbNa, RHandN
57, RThumbNb, RThumbNa
58, RSideN, RShoulderN
59, ScarfNbase, BustN
60, ScarfNa, ScarfNbase
61, ScarfNb, ScarfNa
62, ScarfNc, ScarfNb
63, ScarfNend, ScarfNc
64, ThrowN, YRotN
