animation,frame,x,y,z
WalkFast,0,0.0,0.0,0.0
WalkFast,25,0.0,0.0,21.2448
WalkMiddle,0,0.0,0.0,-0.406943
WalkMiddle,30,0.0,0.0,15.9862
WalkSlow,0,0.0,0.0,0.0
WalkSlow,54,0.0,0.0,11.8771
Dash,0,0.0,0.0,0.0
Run,0,0.0,0.0,0.0
Run,20,0.0,0.0,39.9902
JumpSquat,0,0.0,0.0,0.0
Guard,0,0.0,0.0,0.0
EscapeAir,0,0.0,0.0,0.0
EscapeAir,1,0.0,0.0,0.0
EscapeAir,38,0.0,0.0,0.0
EscapeAir,39,0.0,0.0,0.0
EscapeAir,49,0.0,0.0,0.0
EscapeB,0,0.0,0.0,-0.00792119
EscapeB,1,0.0,0.0,-0.00792119
EscapeB,3,0.0,0.0,-0.892938
EscapeB,4,0.0,0.0,-2.97752
EscapeB,5,0.0,0.0,-5.66597
EscapeB,6,0.0,0.0,-9.62006
EscapeB,7,0.0,0.0,-11.7791
EscapeB,12,0.0,0.0,-19.7204
EscapeB,13,0.0,0.0,-21.0687
EscapeB,14,0.0,0.0,-23.4180
EscapeB,15,0.0,0.0,-25.7425
EscapeB,16,0.0,0.0,-27.9263
EscapeB,17,0.0,0.0,-29.0100
EscapeB,30,0.0,0.0,-33.8740
EscapeB,31,0.0,0.0,-33.8740
EscapeB,39,0.0,0.0,-33.8740
EscapeF,0,0.0,0.0,3.05688
EscapeF,1,0.0,0.0,5.64053
EscapeF,3,0.0,0.0,9.11052
EscapeF,4,0.0,0.0,12.7364
EscapeF,6,0.0,0.0,16.5987
EscapeF,7,0.0,0.0,17.6297
EscapeF,8,0.0,0.0,19.4889
EscapeF,22,0.0,0.0,33.9400
EscapeF,23,0.0,0.0,33.9400
EscapeF,31,0.0,0.0,33.9400
Attack13,0,0.0,0.0,0.0
Attack13,1,0.0,0.0,0.0
Attack13,4,0.0,0.0,2.66048
Attack13,7,0.0,0.0,4.40228
Attack13,18,0.0,0.0,5.58442
Attack13,40,0.0,0.0,5.58851
AttackDash,0,0.0,0.0,0.0
AttackDash,6,0.0,0.0,6.45088
AttackDash,21,0.0,0.0,27.3330
AttackDash,25,0.0,0.0,32.1464
AttackDash,29,0.0,0.0,34.9535
AttackDash,37,0.0,0.0,36.8339
AttackDash,38,0.0,0.0,36.9000
AttackDash,39,0.0,0.0,36.9000
AttackS3Hi,0,0.0,0.0,0.072154
AttackS3Hi,5,0.0,0.0,1.78986
AttackS3Hi,6,0.0,0.0,2.21693
AttackS3Hi,8,0.0,0.0,4.18945
AttackS3Hi,9,0.0,0.0,4.38765
AttackS3Hi,17,0.0,0.0,4.28855
AttackS3Hi,33,0.0,0.0,4.90202
AttackS3Hi,36,0.0,0.0,4.89966
AttackS3Lw,0,0.0,0.0,0.072154
AttackS3Lw,3,0.0,0.0,0.938691
AttackS3Lw,6,0.0,0.0,1.80523
AttackS3Lw,18,0.0,0.0,4.37890
AttackS3Lw,36,0.0,0.0,4.89882
AttackS3S,0,0.0,0.0,0.072154
AttackS3S,1,0.0,0.0,0.27022
AttackS3S,8,0.0,0.0,2.93821
AttackS3S,11,0.0,0.0,3.52887
AttackS3S,31,0.0,0.0,4.89765
AttackS3S,36,0.0,0.0,4.89882
AttackHi3,0,0.0,0.0,0.165357
AttackHi3,1,0.0,0.0,0.577529
AttackHi3,3,0.0,0.0,1.65171
AttackHi3,4,0.0,0.0,2.06388
AttackHi3,5,0.0,0.0,2.36322
AttackHi3,16,0.0,0.0,4.66931
AttackHi3,18,0.0,0.0,4.87885
AttackHi3,19,0.0,0.0,4.87885
AttackHi3,45,0.0,0.0,4.87885
AttackLw3,0,0.0,0.0,0.0
AttackLw3,3,0.0,0.0,0.0
AttackLw3,4,0.0,0.0,0.0
AttackLw3,5,0.0,0.0,1.21197
AttackLw3,7,0.0,0.0,4.33504
AttackLw3,9,0.0,0.0,6.99829
AttackLw3,10,0.0,0.0,6.99829
AttackLw3,18,0.0,0.0,6.99829
AttackLw3,19,0.0,0.0,6.99829
AttackLw3,20,0.0,0.0,6.63077
AttackLw3,29,0.0,0.0,0.367521
AttackLw3,30,0.0,0.0,0.0
AttackLw3,31,0.0,0.0,0.0
AttackLw3,35,0.0,0.0,0.0
AttackS4Hi,0,0.0,0.0,0.0
AttackS4Hi,4,0.0,0.0,1.49597
AttackS4Hi,5,0.0,0.0,2.74185
AttackS4Hi,6,0.0,0.0,5.96113
AttackS4Hi,9,0.0,0.0,16.6057
AttackS4Hi,10,0.0,0.0,18.6155
AttackS4Hi,11,0.0,0.0,18.6155
AttackS4Hi,53,0.0,0.0,18.6155
AttackS4Lw,0,0.0,0.0,0.0
AttackS4Lw,4,0.0,0.0,2.03706
AttackS4Lw,5,0.0,0.0,3.37843
AttackS4Lw,6,0.0,0.0,6.50222
AttackS4Lw,9,0.0,0.0,16.7012
AttackS4Lw,10,0.0,0.0,18.6155
AttackS4Lw,11,0.0,0.0,18.6155
AttackS4Lw,53,0.0,0.0,18.6155
AttackS4S,0,0.0,0.0,0.0
AttackS4S,1,0.0,0.0,0.131863
AttackS4S,4,0.0,0.0,1.09128
AttackS4S,5,0.0,0.0,1.61419
AttackS4S,6,0.0,0.0,4.80619
AttackS4S,8,0.0,0.0,12.7498
AttackS4S,9,0.0,0.0,16.9649
AttackS4S,10,0.0,0.0,18.6155
AttackS4S,11,0.0,0.0,18.6155
AttackS4S,53,0.0,0.0,18.6155
AttackS4Start,0,0.0,0.0,-0.00103569
AttackS4Start,2,0.0,0.0,-1.30734
AttackS4Start,5,0.0,0.0,-3.66926
AttackS4Start,6,0.0,0.0,-4.24213
AttackS4Start,7,0.0,0.0,-4.24213
AttackS4Start,11,0.0,0.0,-4.24213
AttackLw4,0,0.0,0.0,0.0
AttackLw4Start,0,0.0,0.0,0.0
SpecialAirN,0,0.0,0.0,-0.00812607
SpecialAirN,32,0.0,0.0,-3.0
SpecialAirN,48,0.0,0.0,-3.0
SpecialAirN,49,0.0,0.0,-3.0
SpecialAirN,50,0.0,0.0,-1.94780
SpecialAirN,52,0.0,0.0,2.68234
SpecialAirN,53,0.0,0.0,3.73454
SpecialAirN,54,0.0,0.0,3.73454
SpecialAirN,78,0.0,0.0,3.51668
SpecialAirN,89,0.0,0.0,1.58862
SpecialAirN,99,0.0,0.0,-7.70485e-06
SpecialAirNTurn,0,0.0,0.0,-0.000976563
SpecialAirNTurn,8,0.0,0.0,0.200244
SpecialAirNTurn,23,0.0,0.0,-0.28424
SpecialAirNTurn,26,0.0,0.0,-0.661495
SpecialAirNTurn,27,0.0,0.0,-0.935897
SpecialAirNTurn,48,0.0,0.0,2.29609
SpecialAirNTurn,49,0.0,0.0,2.30106
SpecialAirNTurn,50,0.0,0.0,2.26630
SpecialAirNTurn,51,0.0,0.0,-0.938706
SpecialAirNTurn,52,0.0,0.0,-3.20940
SpecialAirNTurn,53,0.0,0.0,-4.29560
SpecialAirNTurn,55,0.0,0.0,-4.7
SpecialAirNTurn,71,0.0,0.0,-4.7
SpecialAirNTurn,97,0.0,0.0,-0.0849814
SpecialAirNTurn,99,0.0,0.0,-0.000976563
SpecialN,0,0.0,0.0,-0.00170929
SpecialN,12,0.0,0.0,-0.00170929
SpecialN,14,0.0,0.0,-0.141758
SpecialN,19,0.0,0.0,-2.36447
SpecialN,21,0.0,0.0,-2.5
SpecialN,48,0.0,0.0,-2.5
SpecialN,49,0.0,0.0,-2.5
SpecialN,50,0.0,0.0,-0.991087
SpecialN,51,0.0,0.0,2.12161
SpecialN,52,0.0,0.0,4.68315
SpecialN,53,0.0,0.0,6.19658
SpecialN,66,0.0,0.0,15.9503
SpecialN,69,0.0,0.0,15.9955
SpecialN,70,0.0,0.0,15.9955
SpecialN,71,0.0,0.0,15.9955
SpecialN,72,0.0,0.0,15.7425
SpecialN,76,0.0,0.0,11.9115
SpecialN,78,0.0,0.0,10.2761
SpecialN,79,0.0,0.0,10.0186
SpecialN,80,0.0,0.0,10.0186
SpecialN,88,0.0,0.0,10.0186
SpecialN,90,0.0,0.0,10.1179
SpecialN,96,0.0,0.0,12.2187
SpecialN,98,0.0,0.0,12.3181
SpecialN,99,0.0,0.0,12.3181
SpecialNTurn,0,0.0,0.0,-0.00238217
SpecialNTurn,12,0.0,0.0,0.0151914
SpecialNTurn,22,0.0,0.0,1.19701
SpecialNTurn,37,0.0,0.0,3.99561
SpecialNTurn,48,0.0,0.0,3.99561
SpecialNTurn,49,0.0,0.0,3.99561
SpecialNTurn,50,0.0,0.0,2.25143
SpecialNTurn,51,0.0,0.0,-0.503229
SpecialNTurn,52,0.0,0.0,-2.96353
SpecialNTurn,53,0.0,0.0,-4.48365
SpecialNTurn,70,0.0,0.0,-13.9910
SpecialNTurn,73,0.0,0.0,-13.4066
SpecialNTurn,78,0.0,0.0,-10.3620
SpecialNTurn,81,0.0,0.0,-10.1995
SpecialNTurn,90,0.0,0.0,-10.6695
SpecialNTurn,99,0.0,0.0,-12.3039
SpecialAirSStart,0,0.0,0.0,0.0
SpecialAirSStart,12,0.0,0.0,0.0
SpecialAirSStart,13,0.0,0.0,0.0
SpecialAirSStart,14,0.0,0.0,0.9
SpecialAirSStart,15,0.0,0.0,2.55824
SpecialAirSStart,16,0.0,0.0,4.51956
SpecialAirSStart,17,0.0,0.0,7.12044
SpecialAirSStart,30,0.0,0.0,33.1638
SpecialAirSStart,43,0.0,0.0,49.4386
SpecialAirSStart,49,0.0,0.0,53.1339
SpecialAirSStart,63,0.0,0.0,58.3768
SpecialAirSStart,65,0.0,0.0,59.3498
SpecialAirSStart,79,0.0,0.0,59.6858
SpecialAirSStartGround,0,0.0,0.0,0.0
SpecialAirSStartGround,35,0.0,0.0,0.0
SpecialAirSStartGround,43,0.0,0.0,8.9275
SpecialAirSStartGround,49,0.0,0.0,12.6227
SpecialAirSStartGround,63,0.0,0.0,17.8657
SpecialAirSStartGround,65,0.0,0.0,18.8387
SpecialAirSStartGround,79,0.0,0.0,19.1747
SpecialS,0,0.0,0.0,0.0
SpecialS,1,0.0,0.0,1.15238
SpecialS,3,0.0,0.0,4.34628
SpecialS,4,0.0,0.0,5.49866
SpecialS,5,0.0,0.0,5.49866
SpecialS,18,0.0,0.0,5.49866
SpecialS,22,0.0,0.0,5.01514
SpecialS,24,0.0,0.0,4.84994
SpecialSStart,0,0.0,0.0,-1.52479
SpecialSStart,1,0.0,0.0,-4.85758
SpecialSStart,2,0.0,0.0,-8.00797
SpecialSStart,3,0.0,0.0,-9.69923
SpecialSStart,4,0.0,0.0,-9.69923
SpecialSStart,14,0.0,0.0,-9.69923
SpecialSStart,15,0.0,0.0,-9.69923
SpecialSStart,16,0.0,0.0,-7.32815
SpecialSStart,18,0.0,0.0,4.70967
SpecialSStart,19,0.0,0.0,9.68397
SpecialSStart,20,0.0,0.0,13.0665
SpecialSStart,33,0.0,0.0,42.4812
SpecialSStart,38,0.0,0.0,47.5550
SpecialSStart,79,0.0,0.0,58.1834
SpecialAirHi,0,0.0,0.0,0.0
SpecialAirHi,11,0.0,0.0,0.0
SpecialAirHi,12,0.0,0.0,0.0
SpecialAirHi,13,0.0,2.5555,0.34782
SpecialAirHi,14,0.0,5.0119,0.69912
SpecialAirHi,15,0.0,7.3701,1.05377
SpecialAirHi,16,0.0,9.6311,1.41237
SpecialAirHi,17,0.0,11.7959,1.77229
SpecialAirHi,18,0.0,13.8656,2.13545
SpecialAirHi,19,0.0,15.8412,2.50377
SpecialAirHi,23,0.0,23.3927,4.00492
SpecialAirHi,27,0.0,29.7961,5.53458
SpecialAirHi,29,0.0,32.5367,6.3094
SpecialAirHi,31,0.0,35.0137,7.09256
SpecialAirHi,32,0.0,36.0873,7.48751
SpecialAirHi,35,0.0,38.8146,8.68181
SpecialAirHi,39,0.0,41.2736,10.2838
SpecialAirHi,42,0.0,42.2519,11.4908
SpecialAirHi,43,0.0,42.2727,11.8950
SpecialAirHi,44,0.0,42.2141,12.2995
SpecialAirHi,47,0.0,40.5933,13.5117
SpecialAirHi,49,0.0,38.4021,14.3155
SpecialAirHi,51,0.0,35.6078,15.1161
SpecialAirHi,55,0.0,28.6213,16.7118
SpecialAirHi,59,0.0,21.0242,18.2930
SpecialAirHi,63,0.0,14.3545,19.8438
SpecialAirHi,64,0.0,12.8295,20.2286
SpecialHi,0,0.0,0.0032,0.0
SpecialHi,4,0.0,0.00752457,-0.015
SpecialHi,5,0.0,0.00860871,-0.015
SpecialHi,11,0.0,0.015,-0.015
SpecialHi,12,0.0,0.016,-0.015
SpecialHi,13,0.0,5.10155,0.22591
SpecialHi,14,0.0,9.79767,0.46651
SpecialHi,15,0.0,14.122,0.707108
SpecialHi,16,0.0,18.0917,0.947705
SpecialHi,17,0.0,22.1589,1.18830
SpecialHi,18,0.0,25.0374,1.4289
SpecialHi,19,0.0,28.0479,1.66950
SpecialHi,21,0.0,34.5607,2.15069
SpecialHi,25,0.0,43.1780,3.11307
SpecialHi,29,0.0,48.9713,4.07546
SpecialHi,33,0.0,52.9896,5.03784
SpecialHi,36,0.0,54.8240,5.75962
SpecialHi,37,0.0,54.6719,6.00021
SpecialHi,41,0.0,52.3462,6.96259
SpecialHi,63,0.0,14.3247,12.2557
SpecialHi,64,0.0,12.6384,12.4963
SpecialHiThrow,0,0.0,11.0,-14.0
SpecialHiThrow,1,0.0,17.1733,-14.6528
SpecialHiThrow,2,0.0,20.5899,-15.3055
SpecialHiThrow,3,0.0,23.8159,-15.9582
SpecialHiThrow,4,0.0,26.8486,-16.6109
SpecialHiThrow,5,0.0,29.6855,-17.2637
SpecialHiThrow,6,0.0,32.3237,-17.9164
SpecialHiThrow,7,0.0,34.7608,-18.5691
SpecialHiThrow,8,0.0,36.9940,-19.2219
SpecialHiThrow,9,0.0,39.0208,-19.8746
SpecialHiThrow,13,0.0,45.0104,-22.4855
SpecialHiThrow,14,0.0,45.9661,-23.1382
SpecialHiThrow,15,0.0,46.6922,-23.7909
SpecialHiThrow,16,0.0,47.2852,-24.5160
SpecialHiThrow,17,0.0,47.8414,-25.1893
SpecialHiThrow,19,0.0,48.8177,-26.424
SpecialHiThrow,21,0.0,49.5697,-27.4759
SpecialHiThrow,24,0.0,50.4076,-28.816
SpecialHiThrow,25,0.0,50.6065,-29.1951
SpecialHiThrow,29,0.0,51.0169,-30.409
SpecialHiThrow,30,0.0,51.0292,-30.6541
SpecialHiThrow,31,0.0,51.0074,-30.8724
SpecialHiThrow,34,0.0,50.7416,-31.4180
SpecialHiThrow,35,0.0,50.5995,-31.5722
SpecialHiThrow,39,0.0,49.7272,-32.0580
SpecialHiThrow,43,0.0,48.4554,-32.4507
SpecialHiThrow,44,0.0,48.0293,-32.5390
SpecialHiThrow,45,0.0,47.3900,-32.6255
SpecialHiThrow,47,0.0,45.0488,-32.7890
SpecialHiThrow,49,0.0,41.243,-32.9360
SpecialHiThrow,51,0.0,36.5725,-33.0655
SpecialHiThrow,54,0.0,27.9457,-33.2250
SpecialHiThrow,55,0.0,24.9725,-33.2672
SpecialHiThrow,59,0.0,13.3725,-33.3860
SpecialHiThrow,60,0.0,10.4725,-33.396
SpecialAirLw,0,0.002978,0.20183,-0.349151
SpecialAirLw,2,0.002978,0.84492,-0.988009
SpecialAirLw,3,0.002978,1.19126,-0.716091
SpecialAirLw,5,0.002978,1.99965,-0.172366
SpecialAirLw,8,0.002978,3.09309,0.643421
SpecialAirLw,11,0.002978,3.63275,1.45927
SpecialAirLw,13,0.002978,3.45666,2.00312
SpecialAirLw,14,0.002978,3.15651,2.27501
SpecialAirLw,15,0.002978,2.69213,2.54681
SpecialAirLw,16,0.002978,-1.1254,3.90033
SpecialAirLw,17,0.002978,-4.9428,5.25494
SpecialAirLw,28,0.002978,-46.9350,20.1480
SpecialAirLw,29,0.002978,-50.7525,21.5020
SpecialLw,0,0.0,0.0,0.0
SpecialLw,9,0.0,0.0,0.0
SpecialLw,10,0.0,0.0,0.0
SpecialLw,11,0.0,0.0,2.67586
SpecialLw,12,0.0,0.0,5.35172
SpecialLw,22,0.0,0.0,32.1103
SpecialLw,32,0.0,0.0,58.8690
SpecialLw,37,0.0,0.0,72.2483
SpecialLw,38,0.0,0.0,74.9241
SpecialLw,39,0.0,0.0,77.5991
SpecialLwEndAir,0,0.0,0.0,0.0
SpecialLwEndAir,4,0.0,0.819847,4.638
SpecialLwEndAir,6,0.0,1.22152,7.13734
SpecialLwEndAir,7,0.0,1.41273,8.42732
SpecialLwEndAir,8,0.0,1.47395,9.72453
SpecialLwEndAir,11,0.0,1.13797,13.5122
SpecialLwEndAir,12,0.0,0.91881,14.691
SpecialLwEndAir,28,0.0,-22.802,31.3220
SpecialLwEndAir,29,0.0,-25.4710,32.3390
SpecialLwEndAir,30,0.0,-28.2698,33.3459
SpecialLwWall,0,0.0,0.0,0.0
SpecialLwWall,1,0.0,6.17333,-1.76213
SpecialLwWall,2,0.0,9.78990,-3.3055
SpecialLwWall,3,0.0,13.1159,-4.46539
SpecialLwWall,4,0.0,16.1486,-5.52146
SpecialLwWall,5,0.0,19.0855,-6.48401
SpecialLwWall,6,0.0,21.7237,-7.36334
SpecialLwWall,7,0.0,24.1608,-8.16975
SpecialLwWall,8,0.0,26.3940,-8.91354
SpecialLwWall,9,0.0,28.4208,-9.60502
SpecialLwWall,13,0.0,34.0104,-12.0538
SpecialLwWall,14,0.0,34.8661,-12.6382
SpecialLwWall,17,0.0,36.8414,-13.9782
SpecialLwWall,19,0.0,37.8054,-14.624
SpecialLwWall,21,0.0,38.5697,-15.1867
SpecialLwWall,24,0.0,39.4076,-15.816
SpecialLwWall,25,0.0,39.6065,-15.9663
SpecialLwWall,29,0.0,40.0169,-16.409
SpecialLwWall,30,0.0,40.0292,-16.5901
SpecialLwWall,31,0.0,40.0074,-16.8004
SpecialLwWall,34,0.0,39.7416,-17.4180
SpecialLwWall,35,0.0,39.5995,-17.5722
SpecialLwWall,39,0.0,38.7272,-18.0580
SpecialLwWall,43,0.0,37.4554,-18.4507
SpecialLwWall,44,0.0,37.0293,-18.539
SpecialLwWall,45,0.0,36.3900,-18.6255
SpecialLwWall,47,0.0,34.0488,-18.7890
SpecialLwWall,49,0.0,30.2430,-18.9360
SpecialLwWall,51,0.0,25.5725,-19.0655
SpecialLwWall,54,0.0,16.9457,-19.225
SpecialLwWall,55,0.0,13.9725,-19.2672
SpecialLwWall,59,0.0,2.3725,-19.386
SpecialLwWall,60,0.0,-0.5275,-19.396
FinalAirRideL,0,8.62280,11.9408,32.2823
FinalAirRideL,1,-10.1496,11.9408,27.5546
FinalAirRideL,2,-28.8669,11.9408,22.1650
FinalAirRideL,3,-47.4726,11.9408,15.9427
FinalAirRideL,5,-84.3374,11.9408,1.64686
FinalAirRideL,7,-120.733,11.9408,-14.2610
FinalAirRideL,9,-156.555,11.9408,-31.8252
FinalAirRideL,12,-208.310,11.9408,-61.9563
FinalAirRideL,14,-240.892,11.9408,-84.7122
FinalAirRideL,15,-256.567,11.9408,-96.7520
FinalRideL,0,8.68754,11.9408,32.3118
FinalRideL,1,-13.9651,11.9408,26.5552
FinalRideL,3,-62.2373,11.9408,11.8771
FinalRideL,7,-127.209,11.9408,-21.0811
FinalRideL,9,-160.090,11.9408,-39.3808
FinalRideL,11,-199.734,11.9408,-59.7664
FinalRideL,13,-237.682,11.9408,-77.5561
FinalRideL,15,-256.567,11.9408,-96.7520
VisualScene02,0,-2319.70,0.0,0.0
VisualScene02,3,-2211.52,0.0,0.00229594
VisualScene02,29,-1334.91,0.0,-0.039779
VisualScene02,39,-1087.57,0.0,-0.13143
VisualScene02,41,-1064.66,0.0,-0.131443
VisualScene02,42,-1045.51,0.0,-0.127772
VisualScene02,59,-724.942,0.0,-0.0601555
VisualScene02,60,-718.585,0.0,-0.0571734
VisualScene02,61,-704.085,0.0,-0.0542913
VisualScene02,119,-85.9419,0.0,9.63662e-06
VisualScene02,120,-75.1981,0.0,0.0
VisualScene03,0,-174.052,0.0,1.56710
VisualScene03,2,-112.801,0.0,1.25488
VisualScene03,3,-81.7933,0.0,1.1803
VisualScene03,5,-19.2303,0.0,0.959966
VisualScene03,15,293.374,0.0,1.10938
VisualScene03,16,323.879,0.0,1.16219
VisualScene03,29,731.396,0.0,1.93696
VisualScene03,34,885.915,0.0,1.94554
VisualScene03,60,1648.46,0.0,1.94554
CatchDash,0,0.0,0.0,0.0
CatchDash,5,0.0,0.0,3.63211
CatchDash,8,0.0,0.0,8.10611
CatchDash,11,0.0,0.0,11.6901
CatchDash,18,0.0,0.0,17.9056
CatchDash,22,0.0,0.0,18.9303
CatchDash,30,0.0,0.0,19.6952
CatchDash,39,0.0,0.0,19.6952
ThrowB,0,0.0,0.0,-0.00120527
ThrowB,14,0.0,0.0,-0.00120527
ThrowB,16,0.0,0.0,-0.138643
ThrowB,24,0.0,0.0,-4.79947
ThrowB,26,0.0,0.0,-4.93691
ThrowB,36,0.0,0.0,-4.93691
ThrowB,37,0.0,0.0,-4.93691
ThrowB,38,0.0,0.0,-3.66444
ThrowB,40,0.0,0.0,0.0
ThrowLw,0,0.0,0.0,-1.47595
ThrowLw,1,0.0,0.0,-4.47442
ThrowLw,2,0.0,0.0,-6.85133
ThrowLw,3,0.0,0.0,-7.61039
ThrowLw,4,0.0,0.0,-7.68953
ThrowLw,6,0.0,0.0,-6.81770
ThrowLw,8,0.0,0.0,-4.54002
ThrowLw,10,0.0,0.0,-2.00188
ThrowLw,11,0.0,0.0,-0.845501
ThrowLw,12,0.0,0.0,0.0
ThrowLw,13,0.0,0.0,0.0
ThrowLw,39,0.0,0.0,0.0
LightThrowDash,0,0.0,0.0,0.0
LightThrowDash,3,0.0,0.0,1.70296
LightThrowDash,4,0.0,0.0,2.30010
LightThrowDash,5,0.0,0.0,2.89724
LightThrowDash,6,0.0,0.0,4.44538
LightThrowDash,7,0.0,0.0,6.00458
LightThrowDash,9,0.0,0.0,10.7098
LightThrowDash,10,0.0,0.0,11.8267
LightThrowDash,15,0.0,0.0,18.3455
LightThrowDash,16,0.0,0.0,18.9426
LightThrowDash,20,0.0,0.0,20.8115
LightThrowDash,22,0.0,0.0,21.7293
LightThrowDash,23,0.0,0.0,22.2767
LightThrowDash,24,0.0,0.0,22.4812
LightThrowDash,29,0.0,0.0,22.6360
LightThrowDash,44,0.0,0.0,22.6360
LightThrowHi,0,0.0,0.0,0.0
LightThrowAirB,0,0.0,0.0,0.0
LightThrowAirHi,0,0.0,0.0,0.0
LightThrowAirLw,0,0.0,0.0,0.0
HeavyThrowB,0,0.0,0.0,1.14999
HeavyThrowB,1,0.0,0.0,2.01305
HeavyThrowB,2,0.0,0.0,2.88200
HeavyThrowB,3,0.0,0.0,3.18245
HeavyThrowB,13,0.0,0.0,3.13237
HeavyThrowB,14,0.0,0.0,2.86138
HeavyThrowB,16,0.0,0.0,0.59916
HeavyThrowB,17,0.0,0.0,-1.10634
HeavyThrowB,18,0.0,0.0,-3.83396
HeavyThrowB,19,0.0,0.0,-6.67351
HeavyThrowB,20,0.0,0.0,-7.67796
HeavyThrowB,23,0.0,0.0,-8.77372
HeavyThrowB,28,0.0,0.0,-8.87682
HeavyThrowB,29,0.0,0.0,-8.85915
HeavyThrowB,30,0.0,0.0,-8.83264
HeavyThrowB,35,0.0,0.0,-5.95479
HeavyThrowB,36,0.0,0.0,-5.42753
HeavyThrowB,37,0.0,0.0,-5.31560
HeavyThrowB,39,0.0,0.0,-5.23017
Swing3,0,0.0,0.0,0.69646
Swing3,1,0.0,0.0,1.68421
Swing3,3,0.0,0.0,2.41794
Swing3,7,0.0,0.0,2.5
Swing3,22,0.0,0.0,2.5
Swing3,26,0.0,0.0,2.04356
Swing3,34,0.0,0.0,0.0
Swing3,41,0.0,0.0,0.0
Swing41,0,0.0,0.0,0.0
Swing41,2,0.0,0.0,0.0
Swing41,3,0.0,0.0,0.0
Swing41,4,0.0,0.0,1.01783
Swing41,5,0.0,0.0,4.49915
Swing41,6,0.0,0.0,6.17534
Swing41,11,0.0,0.0,7.99805
Swing41,17,0.0,0.0,7.99805
Swing41,19,0.0,0.0,7.54481
Swing41,25,0.0,0.0,4.02051
Swing41,27,0.0,0.0,3.99902
Swing41,54,0.0,0.0,3.99902
Swing41Start,0,0.0,0.0,-0.785703
Swing41Start,2,0.0,0.0,-3.58456
Swing41Start,4,0.0,0.0,-4.11667
Swing41Start,6,0.0,0.0,-4.00032
Swing42,0,0.0,0.0,0.0
Swing42,2,0.0,0.0,0.167521
Swing42,6,0.0,0.0,0.999756
Swing42,13,0.0,0.0,0.999756
Swing42,29,0.0,0.0,0.999756
Swing42,33,0.0,0.0,1.39341
Swing42,37,0.0,0.0,1.99951
Swing42,38,0.0,0.0,1.99951
SwingDash,0,0.0,0.0,0.0
SwingDash,7,0.113433,0.0,15.6915
SwingDash,14,0.112109,0.0,26.6644
SwingDash,21,0.105857,0.0,32.6273
SwingDash,24,0.100821,0.0,33.3899
SwingDash,30,0.0850706,0.0,33.5459
SwingDash,45,0.0,0.0,33.5430
ItemLegsFastB,0,0.0,0.0,-0.00466956
ItemLegsFastB,30,0.0,0.0,-19.125
ItemLegsFastF,0,0.0,0.0,0.0
ItemLegsFastF,30,0.0,0.0,25.4938
ItemLegsMiddleB,0,0.0,0.0,-0.00465308
ItemLegsMiddleB,45,0.0,0.0,-19.0600
ItemLegsMiddleF,0,0.0,0.0,0.0
ItemLegsMiddleF,46,0.0,0.0,25.4088
ItemLegsSlowB,0,0.0,0.0,-0.00233478
ItemLegsSlowB,60,0.0,0.0,-9.5625
ItemLegsSlowF,0,0.0,0.0,0.0
ItemLegsSlowF,60,0.0,0.0,12.75
DownBackU,0,0.0,0.0,0.0890963
DownBackU,8,0.0,0.0,0.0309451
DownBackU,9,0.0,0.0,-0.550566
DownBackU,10,0.0,0.0,-2.26187
DownBackU,11,0.0,0.0,-5.16112
DownBackU,13,0.0,0.0,-11.2421
DownBackU,14,0.0,0.0,-14.0573
DownBackU,15,0.0,0.0,-16.6584
DownBackU,16,0.0,0.0,-19.6491
DownBackU,18,0.0,0.0,-23.7695
DownBackU,19,0.0,0.0,-25.6386
DownBackU,20,0.0,0.0,-27.2253
DownBackU,21,0.0,0.0,-28.8037
DownBackU,23,0.0,0.0,-31.3374
DownBackU,24,0.0,0.0,-32.6500
DownBackU,25,0.0,0.0,-33.9210
DownBackU,26,0.0,0.0,-33.9210
DownBackU,35,0.0,0.0,-33.9210
DownForwardU,0,0.0,0.0,0.193391
DownForwardU,4,0.0,0.0,2.75175
DownForwardU,5,0.0,0.0,3.86588
DownForwardU,8,0.0,0.0,7.27427
DownForwardU,9,0.0,0.0,8.35539
DownForwardU,10,0.0,0.0,8.97434
DownForwardU,11,0.0,0.0,11.4172
DownForwardU,13,0.0,0.0,15.8241
DownForwardU,14,0.0,0.0,18.3660
DownForwardU,15,0.0,0.0,19.9835
DownForwardU,16,0.0,0.0,22.0302
DownForwardU,20,0.0,0.0,27.6421
DownForwardU,25,0.0,0.0,31.4797
DownForwardU,30,0.0,0.0,33.7657
DownForwardU,34,0.0,0.0,33.9803
DownForwardU,35,0.0,0.0,33.972
DownBackD,0,0.0,0.0,-0.0448616
DownBackD,2,0.0,0.0,-0.417581
DownBackD,3,0.0,0.0,-0.574951
DownBackD,5,0.0,0.0,-1.69311
DownBackD,7,0.0,0.0,-3.25025
DownBackD,8,0.0,0.0,-4.80738
DownBackD,9,0.0,0.0,-6.88633
DownBackD,10,0.0,0.0,-8.36892
DownBackD,11,0.0,0.0,-9.94263
DownBackD,12,0.0,0.0,-11.4501
DownBackD,13,0.0,0.0,-13.4048
DownBackD,14,0.0,0.0,-15.3181
DownBackD,17,0.0,0.0,-22.2838
DownBackD,18,0.0,0.0,-23.7912
DownBackD,20,0.0,0.0,-26.7481
DownBackD,21,0.0,0.0,-28.1810
DownBackD,23,0.0,0.0,-30.2102
DownBackD,26,0.0,0.0,-32.8524
DownBackD,28,0.0,0.0,-33.9540
DownBackD,30,0.0,0.0,-33.9540
DownBackD,35,0.0,0.0,-33.9540
DownForwardD,0,0.0,0.0,0.13932
DownForwardD,2,0.0,0.0,1.29348
DownForwardD,5,0.0,0.0,4.29599
DownForwardD,6,0.0,0.0,5.19925
DownForwardD,7,0.0,0.0,6.57923
DownForwardD,9,0.0,0.0,9.39773
DownForwardD,10,0.0,0.0,11.0370
DownForwardD,11,0.0,0.0,12.5842
DownForwardD,12,0.0,0.0,14.8758
DownForwardD,14,0.0,0.0,18.2463
DownForwardD,16,0.0,0.0,21.4245
DownForwardD,18,0.0,0.0,24.7699
DownForwardD,20,0.0,0.0,27.7891
DownForwardD,23,0.0,0.0,31.6363
DownForwardD,29,0.0,0.0,34.3795
DownForwardD,35,0.0,0.0,33.9530
PassiveCeil,0,0.0,-18.0,0.0
PassiveStandB,0,0.0,0.0,-1.4013e-45
PassiveStandB,4,0.0,0.0,2.29790
PassiveStandB,6,0.0,0.0,1.89640
PassiveStandB,9,0.0,0.0,-3.43356
PassiveStandB,12,0.0,0.0,-7.17758
PassiveStandB,24,0.0,0.0,-20.6781
PassiveStandB,27,0.0,0.0,-24.5727
PassiveStandB,32,0.0,0.0,-36.1047
PassiveStandB,33,0.0,0.0,-37.2317
PassiveStandB,36,0.0,0.0,-38.6458
PassiveStandB,37,0.0,0.0,-38.9354
PassiveStandB,40,0.0,0.0,-38.7960
PassiveStandF,0,0.0,0.0,0.0
PassiveStandF,4,0.0,0.0,3.10163
PassiveStandF,7,0.0,0.0,5.56534
PassiveStandF,9,0.0,0.0,6.20326
PassiveStandF,14,0.0,0.0,7.00620
PassiveStandF,15,0.0,0.0,7.10280
PassiveStandF,19,0.0,0.0,15.5286
PassiveStandF,20,0.0,0.0,17.3855
PassiveStandF,25,0.0,0.0,30.3327
PassiveStandF,26,0.0,0.0,31.9448
PassiveStandF,31,0.0,0.0,39.2193
PassiveStandF,35,0.0,0.0,41.77
PassiveStandF,37,0.0,0.0,41.77
PassiveStandF,40,0.0,0.0,41.77
PassiveWall,0,0.0,0.0,4.94
PassiveWallJump,0,0.0,0.0,4.05919
StopCeil,0,0.0,-15.3324,0.0
StopWall,0,0.0,0.0,-8.46539
WallDamage,0,0.0,0.0,6.0
CliffCatch,0,0.0,-13.4710,-12.1881
CliffCatch,7,0.0,-22.0116,-4.85685
CliffCatch,13,0.0,-24.4941,-1.88459
CliffCatch,18,0.0,-24.5069,-1.88459
CliffCatch,20,0.0,-24.4941,-1.88459
CliffWait,0,0.0,-24.4941,-1.88208
CliffAttackQuick,0,0.0,-24.4941,-1.88298
CliffAttackQuick,1,0.0,-23.5868,-1.88298
CliffAttackQuick,4,0.0,-15.8894,-1.88298
CliffAttackQuick,5,0.0,-14.1487,-1.88298
CliffAttackQuick,6,0.0,-14.1487,-1.88298
CliffAttackQuick,13,0.0,-14.1487,-1.88298
CliffAttackQuick,14,0.0,-14.1487,-1.88298
CliffAttackQuick,15,0.0,-13.2352,-1.88298
CliffAttackQuick,16,0.0,-11.5006,-5.19326
CliffAttackQuick,17,0.0,-8.21677,-7.74573
CliffAttackQuick,18,0.0,-4.17984,-4.87291
CliffAttackQuick,19,0.0,-0.828074,-1.69008
CliffAttackQuick,20,0.0,-0.254014,-0.956378
CliffAttackQuick,22,0.0,0.474362,0.642644
CliffAttackQuick,23,0.0,0.776824,1.42730
CliffAttackQuick,25,0.0,0.776824,3.02652
CliffAttackQuick,27,0.0,0.776824,4.60714
CliffAttackQuick,28,0.0,0.776824,5.28872
CliffAttackQuick,31,0.0,0.017584,6.35656
CliffAttackQuick,33,0.0,0.0237567,6.40156
CliffAttackQuick,36,0.0,0.0215487,6.35656
CliffAttackQuick,58,0.0,-0.0317975,6.35656
CliffAttackQuick,59,0.0,-0.0317975,6.35656
CliffClimbQuick,0,0.0,-24.4629,-1.94901
CliffClimbQuick,1,0.0,-24.2153,-2.01746
CliffClimbQuick,4,0.0,-22.0173,-2.24267
CliffClimbQuick,8,0.0,-16.8785,-2.34883
CliffClimbQuick,10,0.0,-11.4739,-2.24338
CliffClimbQuick,11,0.0,-8.45466,-2.15555
CliffClimbQuick,12,0.0,-4.57187,-2.04177
CliffClimbQuick,13,0.0,-1.14197,-1.9001
CliffClimbQuick,14,0.0,0.113193,-1.68743
CliffClimbQuick,15,0.0,0.258978,0.379721
CliffClimbQuick,16,0.0,0.327427,5.21796
CliffClimbQuick,17,0.0,0.351634,5.50294
CliffClimbQuick,23,0.0,0.101976,6.31609
CliffClimbQuick,30,0.0,-0.00403969,6.35787
CliffClimbQuick,37,0.0,-0.00067994,6.35787
CliffClimbQuick,39,0.0,-0.00067994,6.35787
CliffEscapeQuick,0,0.0,-24.4941,-1.88561
CliffEscapeQuick,8,0.0,-16.4791,-1.88561
CliffEscapeQuick,9,0.0,-14.3885,-1.88561
CliffEscapeQuick,10,0.0,-10.9734,-4.89153
CliffEscapeQuick,11,0.0,-7.55828,-8.29002
CliffEscapeQuick,12,0.0,-5.44285,-8.22272
CliffEscapeQuick,14,0.0,-1.21198,-4.46532
CliffEscapeQuick,15,0.0,0.0,-1.82017
CliffEscapeQuick,16,0.0,0.0,1.76661
CliffEscapeQuick,17,0.0,0.0,7.41182
CliffEscapeQuick,18,0.0,0.0,11.6426
CliffEscapeQuick,19,0.0,0.0,14.1936
CliffEscapeQuick,32,0.0,0.0,42.1419
CliffEscapeQuick,35,0.0,0.0,42.3566
CliffEscapeQuick,59,0.0,0.0,42.3692
CliffJumpQuick1,0,0.0,-24.4941,-1.88208
CliffJumpQuick1,1,0.0,-16.6744,-1.87140
CliffJumpQuick1,2,0.0,-8.49619,-1.83721
CliffJumpQuick1,3,0.0,-7.80322,-1.77632
CliffJumpQuick1,6,0.0,-5.67056,-1.40133
CliffJumpQuick1,8,0.0,-3.49608,-0.959023
CliffJumpQuick1,9,0.0,-1.92725,-0.670562
CliffJumpQuick1,10,0.0,-0.592789,-0.378776
CliffJumpQuick1,12,0.0,-0.037222,-0.000459537
CliffAttackSlow,0,0.0,-24.4941,-1.88286
CliffAttackSlow,9,0.0,-20.6405,-2.22972
CliffAttackSlow,10,0.0,-19.6844,-2.21078
CliffAttackSlow,20,0.0,-4.64801,-1.41569
CliffAttackSlow,25,0.0,0.00643759,-0.34053
CliffAttackSlow,28,0.0,0.15697,0.90103
CliffAttackSlow,40,0.0,0.0664064,6.98216
CliffAttackSlow,45,0.0,0.0108527,7.04774
CliffAttackSlow,53,0.0,-0.0357113,7.04774
CliffAttackSlow,68,0.0,-0.0357113,7.04774
CliffClimbSlow,0,0.0,-24.4941,-1.88392
CliffClimbSlow,9,0.0,-20.5946,-2.24975
CliffClimbSlow,20,0.0,-4.33255,-1.49075
CliffClimbSlow,22,0.0,-2.22208,-1.34382
CliffClimbSlow,25,0.0,-0.389352,-0.838973
CliffClimbSlow,27,0.0,0.225677,-0.0337138
CliffClimbSlow,28,0.0,0.412122,0.787026
CliffClimbSlow,29,0.0,0.52453,1.54527
CliffClimbSlow,33,0.0,0.339119,2.74369
CliffClimbSlow,35,0.0,0.0910695,3.10953
CliffClimbSlow,36,0.0,0.00256647,3.32609
CliffClimbSlow,37,0.0,-0.0319803,4.22175
CliffClimbSlow,38,0.0,-0.0319803,5.62623
CliffClimbSlow,39,0.0,-0.0319803,6.35790
CliffClimbSlow,40,0.0,-0.0319803,6.35790
CliffClimbSlow,58,0.0,-0.0319803,6.35790
CliffEscapeSlow,0,-2.5e-05,-24.4941,-1.89219
CliffEscapeSlow,4,-2.5e-05,-23.4384,-2.17766
CliffEscapeSlow,13,-2.5e-05,-16.5884,-3.31112
CliffEscapeSlow,14,-2.5e-05,-15.6978,-3.33211
CliffEscapeSlow,15,-2.5e-05,-14.7290,-3.33137
CliffEscapeSlow,18,-2.5e-05,-11.6159,-3.32192
CliffEscapeSlow,19,-2.5e-05,-10.5722,-3.31706
CliffEscapeSlow,23,-2.5e-05,-3.65017,-3.29448
CliffEscapeSlow,24,-2.5e-05,-1.95266,-3.2891
CliffEscapeSlow,25,-2.5e-05,-1.35884,-3.28423
CliffEscapeSlow,29,-2.5e-05,0.0627525,-3.27405
CliffEscapeSlow,33,-2.5e-05,0.0,-2.48153
CliffEscapeSlow,34,-2.5e-05,0.0,-1.89219
CliffEscapeSlow,36,-2.5e-05,0.0,0.340241
CliffEscapeSlow,37,-2.5e-05,0.0,1.76148
CliffEscapeSlow,39,-2.5e-05,0.0,8.47775
CliffEscapeSlow,40,-2.5e-05,0.0,11.1190
CliffEscapeSlow,61,-2.5e-05,0.0,47.5818
CliffEscapeSlow,62,-2.5e-05,0.0,47.8414
CliffEscapeSlow,63,-2.5e-05,0.0,47.8686
CliffEscapeSlow,65,-2.5e-05,0.0,47.8824
CliffEscapeSlow,78,-2.5e-05,0.0,47.8824
CliffJumpSlow1,0,0.0,-24.4941,-1.88208
CliffJumpSlow1,1,0.0,-24.0999,-1.88208
CliffJumpSlow1,11,0.0,-4.81014,-1.88208
CliffJumpSlow1,13,0.0,-4.40989,-1.88208
CliffJumpSlow1,18,0.0,-4.34417,-1.88208
CliffJumpSlow1,19,0.0,-4.33820,-1.88208
CliffJumpSlow1,20,0.0,-2.18760,-0.901093
CliffJumpSlow1,21,0.0,-0.0369932,0.0798929
CliffJumpSlow2,0,0.0,0.000229,0.080372
CliffJumpSlow2,34,0.0,0.000229,0.0
SlipEscapeB,0,0.0,0.0,-0.52672
SlipEscapeB,2,0.0,0.0,-2.66041
SlipEscapeB,6,0.0,0.0,-8.99008
SlipEscapeB,8,0.0,0.0,-12.2263
SlipEscapeB,12,0.0,0.0,-20.1741
SlipEscapeB,23,0.0,0.0,-32.9365
SlipEscapeB,25,0.0,0.0,-32.9445
SlipEscapeB,39,0.0,0.0,-33.0
SlipEscapeF,0,0.0,0.0,1.66132
SlipEscapeF,6,0.0,0.0,13.1254
SlipEscapeF,17,0.0,0.0,28.7067
SlipEscapeF,20,0.0,0.0,29.4414
SlipEscapeF,29,0.0,0.0,32.9924
SlipEscapeF,33,0.0,0.0,32.9924
SlipEscapeF,39,0.0,0.0,32.9924
Swim,0,0.0,-17.8035,0.0
SwimEnd,0,0.0,-17.5409,0.0
SwimEnd,19,0.0,-17.8035,0.0
SwimF,0,0.0,-17.5271,0.0
SwimRise,0,0.0,-12.7140,0.0
SwimTurn,0,0.0,-17.8035,0.0
SwimUp,0,0.0,-0.0043465,0.0
SwimUp,16,0.0,-17.8035,0.0
SwimUpDamage,0,0.0,-15.4618,0.0
SwimUpDamage,3,0.0,-14.5613,0.0
SwimUpDamage,8,0.0,-12.5068,0.0
SwimUpDamage,13,0.0,-12.8639,0.0
SwimUpDamage,16,0.0,-13.7553,0.0
SwimUpDamage,23,0.0,-17.5668,0.0
SwimUpDamage,24,0.0,-17.8035,0.0
SwimDrown,0,0.0,-17.2724,0.0
SwimDrownOut,0,0.0,-8.27328,0.0
EntryR,0,2.04996,0.0,0.470921
AppealHiR_Melee,0,0.0,0.0,0.0
Win1,10,0.0,0.0,0.0
Win1,50,0.0,0.0,0.0
Win1,51,0.0,0.0,0.0
Win1,60,0.0,0.0,0.0
Win1,61,0.0,0.0,0.0
Win1Wait,0,0.0,0.0,0.0
Win3,0,0.0,0.0,0.0
Win3,25,1.06001,0.0,0.0
Win3,47,1.06048,0.0,0.0
Win3,120,1.06048,0.0,0.0
Win3Wait,0,1.06049,0.0,0.0
LadderCatchEndL,0,0.0,-17.5521,0.0
LadderCatchEndL,1,0.0,-13.1759,0.0
LadderCatchEndL,2,0.0,-9.63545,0.0
LadderCatchEndL,3,0.0,-8.17385,0.0
LadderCatchEndL,4,0.0,-8.18242,0.0
LadderCatchEndL,6,0.0,-8.22100,0.0
LadderCatchEndL,7,0.0,-8.23385,0.0
LadderCatchEndL,8,0.0,-7.37661,0.0
LadderCatchEndL,11,0.0,-0.857245,0.0
LadderCatchEndL,12,0.0,-0.00428475,0.0
LadderCatchEndL,13,0.0,-0.00428475,0.0
LadderCatchEndL,15,0.0,-0.00428475,0.0
LadderCatchEndR,0,0.0,-17.5885,0.0
LadderCatchEndR,1,0.0,-13.5382,0.0
LadderCatchEndR,2,0.0,-9.72841,0.0
LadderCatchEndR,4,0.0,-7.76555,0.0
LadderCatchEndR,5,0.0,-5.33882,0.0
LadderCatchEndR,7,0.0,-0.811775,0.0
LadderCatchEndR,8,0.0,-0.00429486,0.0
LadderCatchEndR,9,0.0,-0.00429486,0.0
LadderCatchEndR,15,0.0,-0.00429486,0.0
LadderDown,0,0.0,-0.0180157,0.0
LadderDown,40,0.0,-73.8000,0.0
LadderUp,0,0.0,0.0,0.0
LadderUp,16,0.0,23.7942,0.0
